{
  "best_model": "Random Forest",
  "results": {
    "Logistic Regression": {
      "Accuracy": 0.633,
      "Precision": 0.27450980392156865,
      "Recall": 0.6120218579234973,
      "F1-Score": 0.3790186125211506,
      "ROC-AUC": 0.6791958451217637,
      "CV ROC-AUC (mean)": 0.6846390269251156,
      "CV ROC-AUC (std)": 0.017577628527240985
    },
    "Decision Tree": {
      "Accuracy": 0.6715,
      "Precision": 0.27987897125567324,
      "Recall": 0.505464480874317,
      "F1-Score": 0.3602726387536514,
      "ROC-AUC": 0.6663121776992997,
      "CV ROC-AUC (mean)": 0.6491663424302326,
      "CV ROC-AUC (std)": 0.009002105653537882
    },
    "Random Forest": {
      "Accuracy": 0.7115,
      "Precision": 0.33385826771653543,
      "Recall": 0.5792349726775956,
      "F1-Score": 0.42357642357642356,
      "ROC-AUC": 0.7124709887566801,
      "CV ROC-AUC (mean)": 0.6913093320033111,
      "CV ROC-AUC (std)": 0.012118834538579057
    },
    "Gradient Boosting": {
      "Accuracy": 0.823,
      "Precision": 0.5857142857142857,
      "Recall": 0.11202185792349727,
      "F1-Score": 0.18807339449541285,
      "ROC-AUC": 0.7088416571355954,
      "CV ROC-AUC (mean)": 0.697823742463135,
      "CV ROC-AUC (std)": 0.017715673311220495
    }
  },
  "missing_values": {
    "CreditScore": 60,
    "Tenure": 30,
    "EstimatedSalary": 40
  },
  "n_train": 8000,
  "n_test": 2000,
  "churn_rate_train": 0.183125,
  "churn_rate_test": 0.183,
  "feature_columns": [
    "CreditScore",
    "Geography",
    "Gender",
    "Age",
    "Tenure",
    "Balance",
    "NumOfProducts",
    "HasCrCard",
    "IsActiveMember",
    "EstimatedSalary",
    "BalanceSalaryRatio",
    "ProductDensity",
    "EngagementProductInteraction",
    "AgeTenureInteraction",
    "IsZeroBalance",
    "ProductsPerCreditCard"
  ],
  "num_cols": [
    "CreditScore",
    "Age",
    "Tenure",
    "Balance",
    "NumOfProducts",
    "HasCrCard",
    "IsActiveMember",
    "EstimatedSalary",
    "BalanceSalaryRatio",
    "ProductDensity",
    "EngagementProductInteraction",
    "AgeTenureInteraction",
    "IsZeroBalance",
    "ProductsPerCreditCard"
  ],
  "cat_cols": [
    "Geography",
    "Gender"
  ]
}